sample_id,Actual,Mean baseline,Linear regression,Polynomial ridge,RBF SVR,Decision tree,Random forest
0,151.0000,153.7365,210.7421,212.4974,225.8492,182.7733,230.8967
9,310.0000,153.7365,207.3505,191.7545,202.1083,182.7733,163.4893
11,69.0000,153.7365,103.4974,113.0317,230.5613,123.5000,164.5609
15,171.0000,153.7365,175.6412,172.1420,253.4439,190.6774,191.0322
19,168.0000,153.7365,120.2566,114.6370,105.1461,90.3333,88.8414
22,68.0000,153.7365,107.4797,137.9737,188.8977,62.3810,95.5900
24,184.0000,153.7365,166.2544,165.4558,196.5701,182.7733,164.6907
25,202.0000,153.7365,144.8103,128.6182,75.4531,190.6774,147.5881
30,129.0000,153.7365,154.8868,157.1297,117.3376,182.7733,145.8039
33,87.0000,153.7365,114.9673,116.7161,114.0497,90.3333,118.3107
39,90.0000,153.7365,132.9576,109.1689,74.4076,182.7733,179.2167
42,61.0000,153.7365,145.9567,132.1847,69.9107,121.8594,116.0752
46,190.0000,153.7365,140.9360,143.6853,160.8829,121.8594,124.2319
55,128.0000,153.7365,70.4329,64.4713,87.4011,62.3810,69.1178
56,52.0000,153.7365,206.4934,192.9085,211.8962,182.7733,175.8422
57,37.0000,153.7365,81.5609,80.7454,101.3950,94.7500,91.1208
70,48.0000,153.7365,71.6233,67.0983,110.0936,62.3810,76.3000
72,202.0000,153.7365,134.0388,168.1031,189.4345,190.6774,155.4462
73,111.0000,153.7365,123.7897,108.5992,128.9380,121.8594,110.2402
75,42.0000,153.7365,124.4156,114.6206,63.0710,121.8594,106.2541
76,170.0000,153.7365,196.3688,159.3253,221.8242,182.7733,179.0982
77,200.0000,153.7365,71.6667,109.3040,114.0770,62.3810,69.3341
78,252.0000,153.7365,168.4349,175.1177,204.1243,162.3636,172.7360
79,113.0000,153.7365,86.3641,131.7657,264.5623,62.3810,103.1650
82,52.0000,153.7365,61.4576,59.0366,89.1053,62.3810,87.2674
90,98.0000,153.7365,78.9558,69.7950,69.0535,62.3810,70.8816
93,96.0000,153.7365,54.8213,67.4765,69.0688,90.3333,80.9469
101,102.0000,153.7365,105.5968,96.7089,64.8538,90.3333,100.5489
104,95.0000,153.7365,154.6030,156.3538,100.0061,123.5000,137.3853
113,297.0000,153.7365,206.6308,203.7306,176.1420,273.5714,242.6001
116,275.0000,153.7365,218.5751,231.6899,242.9765,182.7733,232.1977
117,281.0000,153.7365,234.2144,241.6505,199.4345,190.6774,209.5487
126,99.0000,153.7365,53.5048,94.6293,123.1216,94.7500,91.9228
131,158.0000,153.7365,62.9557,123.5836,137.8907,62.3810,85.3843
132,107.0000,153.7365,108.9745,100.5644,97.9599,121.8594,101.5633
140,118.0000,153.7365,159.3617,150.2301,149.6618,182.7733,176.9072
148,96.0000,153.7365,108.6338,102.1260,153.6408,182.7733,182.4708
155,186.0000,153.7365,192.7441,206.1231,225.8612,218.9231,205.9002
157,84.0000,153.7365,119.6511,112.1718,111.8063,109.3000,117.9079
172,295.0000,153.7365,219.5307,243.6186,295.5066,218.9231,241.5303
176,237.0000,153.7365,158.5872,159.0913,179.0882,182.7733,189.9643
181,64.0000,153.7365,88.4834,77.4750,92.7478,90.3333,111.6020
185,101.0000,153.7365,181.9964,150.2739,78.3617,190.6774,176.0185
196,72.0000,153.7365,94.4170,95.6138,136.5903,90.3333,95.3962
199,90.0000,153.7365,171.0480,189.9388,194.9472,162.3636,173.4573
203,222.0000,153.7365,199.4137,190.4867,216.3905,182.7733,187.4963
209,77.0000,153.7365,180.3909,180.9774,132.8654,121.8594,151.7562
211,70.0000,153.7365,179.5172,167.3030,193.8930,182.7733,179.3876
218,214.0000,153.7365,130.7043,153.5573,141.2812,109.3000,135.9506
227,108.0000,153.7365,107.6828,130.2967,126.9776,90.3333,94.1029
244,187.0000,153.7365,140.6317,117.7350,38.5586,123.5000,134.7958
255,153.0000,153.7365,115.0118,112.0132,113.1907,90.3333,87.4315
268,264.0000,153.7365,250.7803,284.4828,243.7548,225.7500,265.2980
281,94.0000,153.7365,90.2241,81.7736,105.2476,109.3000,150.5736
284,156.0000,153.7365,165.4537,174.0890,154.3455,121.8594,175.8312
285,233.0000,153.7365,206.0220,220.7720,267.1843,190.6774,205.4455
286,60.0000,153.7365,77.6159,65.9959,61.2151,90.3333,81.4671
287,219.0000,153.7365,139.5476,125.8969,146.1642,190.6774,142.2206
291,248.0000,153.7365,202.1853,222.8396,195.3693,182.7733,231.2865
296,89.0000,153.7365,79.8670,91.9964,82.3035,62.3810,80.2761
307,172.0000,153.7365,147.9517,166.3275,154.8669,109.3000,178.6224
311,180.0000,153.7365,173.8322,146.8207,154.8518,182.7733,153.8791
320,122.0000,153.7365,187.9320,185.1929,143.6356,182.7733,153.7245
321,230.0000,153.7365,291.4170,344.4843,220.2255,218.9231,257.4353
329,135.0000,153.7365,100.1293,89.4337,72.3343,121.8594,84.0347
333,164.0000,153.7365,184.5382,177.7873,134.3348,190.6774,210.0938
341,263.0000,153.7365,188.3126,196.8616,227.8164,182.7733,197.3195
354,272.0000,153.7365,181.3373,200.7988,221.3240,218.9231,208.8545
358,90.0000,153.7365,51.5798,70.8880,95.0533,62.3810,78.5967
367,242.0000,153.7365,258.2324,273.3602,305.0317,225.7500,236.3242
370,63.0000,153.7365,59.0541,61.4714,56.9737,62.3810,74.4553
374,140.0000,153.7365,124.7247,128.8849,166.6992,121.8594,148.5340
386,72.0000,153.7365,109.2075,100.0660,103.7408,90.3333,107.7066
388,110.0000,153.7365,164.9142,181.6124,133.8193,162.3636,178.2013
391,63.0000,153.7365,54.3800,78.3962,73.4138,94.7500,72.7940
395,258.0000,153.7365,167.5760,148.5503,198.6101,190.6774,156.0048
399,232.0000,153.7365,188.9591,205.1350,227.2778,182.7733,197.6624
402,168.0000,153.7365,155.0098,207.6396,168.8298,109.3000,152.2228
407,140.0000,153.7365,174.7790,147.2708,131.8699,225.7500,186.3608
409,181.0000,153.7365,171.1304,162.4761,241.3309,190.6774,180.1957
411,136.0000,153.7365,152.5229,127.8797,59.9870,123.5000,101.6553
418,84.0000,153.7365,92.1723,82.1151,129.6557,90.3333,115.5785
422,233.0000,153.7365,190.3586,231.5834,287.9876,225.7500,203.9277
423,91.0000,153.7365,157.3694,159.8052,282.3225,109.3000,169.0366
427,67.0000,153.7365,130.6666,106.4090,76.0881,123.5000,129.8550
429,94.0000,153.7365,94.1387,104.6704,126.1751,90.3333,98.6771
433,72.0000,153.7365,55.9257,52.9510,101.8362,62.3810,78.7075
436,48.0000,153.7365,47.9905,61.2374,55.1331,62.3810,69.7688
440,220.0000,153.7365,208.8981,205.3667,173.1196,182.7733,166.2720
